"Package Name","Installation Instruction","Released Date","Short Description",Author,Maintainer
"funcy-pipe 0.11.1","pip install funcy-pipe
          
            
            Copy PIP instructions","Released: 
  Aug 20, 2024","If Funcy and Pipe had a baby. Decorates all Funcy methods with Pipe superpowers.",,"
          <span class=""sidebar-section__user-gravatar"">
            <img src=""https://pypi-camo.freetls.fastly.net/134028f49967f7b6af99e27b5c48aff88ec326b5/68747470733a2f2f7365637572652e67726176617461722e636f6d2f6176617461722f66393664343666333931313335626330396634343464376164666231326664653f73697a653d3530"" height=""50"" width=""50"" alt=""Avatar for iloveitaly from gravatar.com"" title=""Avatar for iloveitaly from gravatar.com"">
          </span>
          <span class=""sidebar-section__user-gravatar-text"">
            iloveitaly
          </span>
         | 
          <span class=""sidebar-section__user-gravatar"">
            <img src=""https://pypi-camo.freetls.fastly.net/134028f49967f7b6af99e27b5c48aff88ec326b5/68747470733a2f2f7365637572652e67726176617461722e636f6d2f6176617461722f66393664343666333931313335626330396634343464376164666231326664653f73697a653d3530"" height=""50"" width=""50"" alt=""Avatar for iloveitaly from gravatar.com"" title=""Avatar for iloveitaly from gravatar.com"">
          </span>
          <span class=""sidebar-section__user-gravatar-text"">
            iloveitaly
          </span>
        "
"fund 0.2.dev0","pip install fund
          
            
            Copy PIP instructions","Released: 
  Apr 28, 2018",国内基金API接口,,"
          <span class=""sidebar-section__user-gravatar"">
            <img src=""https://pypi-camo.freetls.fastly.net/4abf28fd7fcb4809b597553a81817edfcf860210/68747470733a2f2f7365637572652e67726176617461722e636f6d2f6176617461722f63383236313234363933393331393966393363363764333465353530363634663f73697a653d3530"" height=""50"" width=""50"" alt=""Avatar for yafeile from gravatar.com"" title=""Avatar for yafeile from gravatar.com"">
          </span>
          <span class=""sidebar-section__user-gravatar-text"">
            yafeile
          </span>
         | 
          <span class=""sidebar-section__user-gravatar"">
            <img src=""https://pypi-camo.freetls.fastly.net/4abf28fd7fcb4809b597553a81817edfcf860210/68747470733a2f2f7365637572652e67726176617461722e636f6d2f6176617461722f63383236313234363933393331393966393363363764333465353530363634663f73697a653d3530"" height=""50"" width=""50"" alt=""Avatar for yafeile from gravatar.com"" title=""Avatar for yafeile from gravatar.com"">
          </span>
          <span class=""sidebar-section__user-gravatar-text"">
            yafeile
          </span>
        "
"fundamental-gen 0.0.3","pip install fundamental-gen
          
            
            Copy PIP instructions","Released: 
  Aug 2, 2022","Fundamental genarator",,"
          <span class=""sidebar-section__user-gravatar"">
            <img src=""https://pypi-camo.freetls.fastly.net/48a2b2f8313bd839a288c6c0ffcf4e1caa333bab/68747470733a2f2f7365637572652e67726176617461722e636f6d2f6176617461722f31393238623638306133386538393864623637396661393935333563353630393f73697a653d3530"" height=""50"" width=""50"" alt=""Avatar for vuong.nguyen from gravatar.com"" title=""Avatar for vuong.nguyen from gravatar.com"">
          </span>
          <span class=""sidebar-section__user-gravatar-text"">
            vuong.nguyen
          </span>
         | 
          <span class=""sidebar-section__user-gravatar"">
            <img src=""https://pypi-camo.freetls.fastly.net/48a2b2f8313bd839a288c6c0ffcf4e1caa333bab/68747470733a2f2f7365637572652e67726176617461722e636f6d2f6176617461722f31393238623638306133386538393864623637396661393935333563353630393f73697a653d3530"" height=""50"" width=""50"" alt=""Avatar for vuong.nguyen from gravatar.com"" title=""Avatar for vuong.nguyen from gravatar.com"">
          </span>
          <span class=""sidebar-section__user-gravatar-text"">
            vuong.nguyen
          </span>
        "
"funda-scraper 1.2.1","pip install funda-scraper
          
            
            Copy PIP instructions","Released: 
  Jun 8, 2024","FundaScaper provides you the easiest way to perform web scraping from Funda, the Dutch housing website.",,"
          <span class=""sidebar-section__user-gravatar"">
            <img src=""https://pypi-camo.freetls.fastly.net/b441bd2f299592e584af45496b5cf7e05647609f/68747470733a2f2f7365637572652e67726176617461722e636f6d2f6176617461722f64373931376539613530356136353833323631613036623139326531626561333f73697a653d3530"" height=""50"" width=""50"" alt=""Avatar for whchien from gravatar.com"" title=""Avatar for whchien from gravatar.com"">
          </span>
          <span class=""sidebar-section__user-gravatar-text"">
            whchien
          </span>
         | 
          <span class=""sidebar-section__user-gravatar"">
            <img src=""https://pypi-camo.freetls.fastly.net/b441bd2f299592e584af45496b5cf7e05647609f/68747470733a2f2f7365637572652e67726176617461722e636f6d2f6176617461722f64373931376539613530356136353833323631613036623139326531626561333f73697a653d3530"" height=""50"" width=""50"" alt=""Avatar for whchien from gravatar.com"" title=""Avatar for whchien from gravatar.com"">
          </span>
          <span class=""sidebar-section__user-gravatar-text"">
            whchien
          </span>
        "
"fundingoptions-bluejay 0.3.0","pip install fundingoptions-bluejay
          
            
            Copy PIP instructions","Released: 
  Apr 5, 2021","The BlueJay Client",,"
          <span class=""sidebar-section__user-gravatar"">
            <img src=""https://pypi-camo.freetls.fastly.net/50375d6e2c075b8aee48e7a272451820b89264f4/68747470733a2f2f7365637572652e67726176617461722e636f6d2f6176617461722f64386630376536313938633339333633386561653332323262646331386433663f73697a653d3530"" height=""50"" width=""50"" alt=""Avatar for fundingoptions from gravatar.com"" title=""Avatar for fundingoptions from gravatar.com"">
          </span>
          <span class=""sidebar-section__user-gravatar-text"">
            fundingoptions
          </span>
         | 
          <span class=""sidebar-section__user-gravatar"">
            <img src=""https://pypi-camo.freetls.fastly.net/14a69aff5df3d076180078d4d2fa41e9ad8a6864/68747470733a2f2f7365637572652e67726176617461722e636f6d2f6176617461722f34333663306537343938623765323531373565623630613463306630366363383f73697a653d3530"" height=""50"" width=""50"" alt=""Avatar for minimalrust from gravatar.com"" title=""Avatar for minimalrust from gravatar.com"">
          </span>
          <span class=""sidebar-section__user-gravatar-text"">
            minimalrust
          </span>
         | 
          <span class=""sidebar-section__user-gravatar"">
            <img src=""https://pypi-camo.freetls.fastly.net/ffee0682fa142c334ef767910a0695b0f80f55b3/68747470733a2f2f7365637572652e67726176617461722e636f6d2f6176617461722f65336266643865663435616239633662623438363134333836383332656334343f73697a653d3530"" height=""50"" width=""50"" alt=""Avatar for ucosty from gravatar.com"" title=""Avatar for ucosty from gravatar.com"">
          </span>
          <span class=""sidebar-section__user-gravatar-text"">
            ucosty
          </span>
         | 
          <span class=""sidebar-section__user-gravatar"">
            <img src=""https://pypi-camo.freetls.fastly.net/50375d6e2c075b8aee48e7a272451820b89264f4/68747470733a2f2f7365637572652e67726176617461722e636f6d2f6176617461722f64386630376536313938633339333633386561653332323262646331386433663f73697a653d3530"" height=""50"" width=""50"" alt=""Avatar for fundingoptions from gravatar.com"" title=""Avatar for fundingoptions from gravatar.com"">
          </span>
          <span class=""sidebar-section__user-gravatar-text"">
            fundingoptions
          </span>
         | 
          <span class=""sidebar-section__user-gravatar"">
            <img src=""https://pypi-camo.freetls.fastly.net/14a69aff5df3d076180078d4d2fa41e9ad8a6864/68747470733a2f2f7365637572652e67726176617461722e636f6d2f6176617461722f34333663306537343938623765323531373565623630613463306630366363383f73697a653d3530"" height=""50"" width=""50"" alt=""Avatar for minimalrust from gravatar.com"" title=""Avatar for minimalrust from gravatar.com"">
          </span>
          <span class=""sidebar-section__user-gravatar-text"">
            minimalrust
          </span>
         | 
          <span class=""sidebar-section__user-gravatar"">
            <img src=""https://pypi-camo.freetls.fastly.net/ffee0682fa142c334ef767910a0695b0f80f55b3/68747470733a2f2f7365637572652e67726176617461722e636f6d2f6176617461722f65336266643865663435616239633662623438363134333836383332656334343f73697a653d3530"" height=""50"" width=""50"" alt=""Avatar for ucosty from gravatar.com"" title=""Avatar for ucosty from gravatar.com"">
          </span>
          <span class=""sidebar-section__user-gravatar-text"">
            ucosty
          </span>
        "
"fundingrate 0.0.8","pip install fundingrate
          
            
            Copy PIP instructions","Released: 
  Jun 9, 2024","Download funding rates of crypto perpetual derivatives",,"
          <span class=""sidebar-section__user-gravatar"">
            <img src=""https://pypi-camo.freetls.fastly.net/b031a768624b6c315d680184fc1a9e08017dbecd/68747470733a2f2f7365637572652e67726176617461722e636f6d2f6176617461722f66346434353966343837323831386262643236343261343665653636303066663f73697a653d3530"" height=""50"" width=""50"" alt=""Avatar for jirong88 from gravatar.com"" title=""Avatar for jirong88 from gravatar.com"">
          </span>
          <span class=""sidebar-section__user-gravatar-text"">
            jirong88
          </span>
         | 
          <span class=""sidebar-section__user-gravatar"">
            <img src=""https://pypi-camo.freetls.fastly.net/b031a768624b6c315d680184fc1a9e08017dbecd/68747470733a2f2f7365637572652e67726176617461722e636f6d2f6176617461722f66346434353966343837323831386262643236343261343665653636303066663f73697a653d3530"" height=""50"" width=""50"" alt=""Avatar for jirong88 from gravatar.com"" title=""Avatar for jirong88 from gravatar.com"">
          </span>
          <span class=""sidebar-section__user-gravatar-text"">
            jirong88
          </span>
        "
"funding-service-design-utils 5.0.3","pip install funding-service-design-utils
          
            
            Copy PIP instructions","Released: 
  Aug 1, 2024","Utilities used by the DLUHC Funding Service Design Team",,"
          <span class=""sidebar-section__user-gravatar"">
            <img src=""https://pypi-camo.freetls.fastly.net/e407e6e6e0ab24dd523a41ec71834683004827e8/68747470733a2f2f7365637572652e67726176617461722e636f6d2f6176617461722f32653839313337386666313564396532666532663430346464366163643665633f73697a653d3530"" height=""50"" width=""50"" alt=""Avatar for dluhc-fsd from gravatar.com"" title=""Avatar for dluhc-fsd from gravatar.com"">
          </span>
          <span class=""sidebar-section__user-gravatar-text"">
            dluhc-fsd
          </span>
         | 
          <span class=""sidebar-section__user-gravatar"">
            <img src=""https://pypi-camo.freetls.fastly.net/e407e6e6e0ab24dd523a41ec71834683004827e8/68747470733a2f2f7365637572652e67726176617461722e636f6d2f6176617461722f32653839313337386666313564396532666532663430346464366163643665633f73697a653d3530"" height=""50"" width=""50"" alt=""Avatar for dluhc-fsd from gravatar.com"" title=""Avatar for dluhc-fsd from gravatar.com"">
          </span>
          <span class=""sidebar-section__user-gravatar-text"">
            dluhc-fsd
          </span>
        "
,,,,,
"fundspy 1.1","pip install fundspy
          
            
            Copy PIP instructions","Released: 
  May 1, 2021","Download brazillian investment funds and their benchmarks data from CVM and analyze their performance with pre-built functions.",,"
          <span class=""sidebar-section__user-gravatar"">
            <img src=""https://pypi-camo.freetls.fastly.net/795aff08712eab8db79c8ce37188077264a65af5/68747470733a2f2f7365637572652e67726176617461722e636f6d2f6176617461722f38346237663865343936646563376539353066306139343335323561306237343f73697a653d3530"" height=""50"" width=""50"" alt=""Avatar for joaopenido from gravatar.com"" title=""Avatar for joaopenido from gravatar.com"">
          </span>
          <span class=""sidebar-section__user-gravatar-text"">
            joaopenido
          </span>
         | 
          <span class=""sidebar-section__user-gravatar"">
            <img src=""https://pypi-camo.freetls.fastly.net/795aff08712eab8db79c8ce37188077264a65af5/68747470733a2f2f7365637572652e67726176617461722e636f6d2f6176617461722f38346237663865343936646563376539353066306139343335323561306237343f73697a653d3530"" height=""50"" width=""50"" alt=""Avatar for joaopenido from gravatar.com"" title=""Avatar for joaopenido from gravatar.com"">
          </span>
          <span class=""sidebar-section__user-gravatar-text"">
            joaopenido
          </span>
        "
"fundspy2021 1.3","pip install fundspy2021
          
            
            Copy PIP instructions","Released: 
  May 16, 2022","Download brazillian investment funds and their benchmarks data from CVM and analyze their performance with pre-built functions.",,"
          <span class=""sidebar-section__user-gravatar"">
            <img src=""https://pypi-camo.freetls.fastly.net/68ed7752dab907d917acb58edfa2a8f731ccb67c/68747470733a2f2f7365637572652e67726176617461722e636f6d2f6176617461722f36333862643939646661363764363566383433393931616632383761373431653f73697a653d3530"" height=""50"" width=""50"" alt=""Avatar for jairsjunior from gravatar.com"" title=""Avatar for jairsjunior from gravatar.com"">
          </span>
          <span class=""sidebar-section__user-gravatar-text"">
            jairsjunior
          </span>
         | 
          <span class=""sidebar-section__user-gravatar"">
            <img src=""https://pypi-camo.freetls.fastly.net/68ed7752dab907d917acb58edfa2a8f731ccb67c/68747470733a2f2f7365637572652e67726176617461722e636f6d2f6176617461722f36333862643939646661363764363566383433393931616632383761373431653f73697a653d3530"" height=""50"" width=""50"" alt=""Avatar for jairsjunior from gravatar.com"" title=""Avatar for jairsjunior from gravatar.com"">
          </span>
          <span class=""sidebar-section__user-gravatar-text"">
            jairsjunior
          </span>
        "
"funer 0.0.2","pip install funer
          
            
            Copy PIP instructions","Released: 
  Apr 21, 2022","Rule based Named Entity Recognition tool.",,"
          <span class=""sidebar-section__user-gravatar"">
            <img src=""https://pypi-camo.freetls.fastly.net/b5ad537c288ddf2c08d6476dc01405ba4b52b368/68747470733a2f2f7365637572652e67726176617461722e636f6d2f6176617461722f64333630663263376632396661376532386533653634383033316662653266333f73697a653d3530"" height=""50"" width=""50"" alt=""Avatar for kajyuuen from gravatar.com"" title=""Avatar for kajyuuen from gravatar.com"">
          </span>
          <span class=""sidebar-section__user-gravatar-text"">
            kajyuuen
          </span>
         | 
          <span class=""sidebar-section__user-gravatar"">
            <img src=""https://pypi-camo.freetls.fastly.net/b5ad537c288ddf2c08d6476dc01405ba4b52b368/68747470733a2f2f7365637572652e67726176617461722e636f6d2f6176617461722f64333630663263376632396661376532386533653634383033316662653266333f73697a653d3530"" height=""50"" width=""50"" alt=""Avatar for kajyuuen from gravatar.com"" title=""Avatar for kajyuuen from gravatar.com"">
          </span>
          <span class=""sidebar-section__user-gravatar-text"">
            kajyuuen
          </span>
        "
"fungjoke 0.0.1","pip install fungjoke
          
            
            Copy PIP instructions","Released: 
  Mar 24, 2020","A small example package",,"
          <span class=""sidebar-section__user-gravatar"">
            <img src=""https://pypi-camo.freetls.fastly.net/b54201819f51551c3989285e2fece83a47c0dd72/68747470733a2f2f7365637572652e67726176617461722e636f6d2f6176617461722f64616633303935346630396530636239653866343533643136393665336162363f73697a653d3530"" height=""50"" width=""50"" alt=""Avatar for fungxxxx from gravatar.com"" title=""Avatar for fungxxxx from gravatar.com"">
          </span>
          <span class=""sidebar-section__user-gravatar-text"">
            fungxxxx
          </span>
         | 
          <span class=""sidebar-section__user-gravatar"">
            <img src=""https://pypi-camo.freetls.fastly.net/b54201819f51551c3989285e2fece83a47c0dd72/68747470733a2f2f7365637572652e67726176617461722e636f6d2f6176617461722f64616633303935346630396530636239653866343533643136393665336162363f73697a653d3530"" height=""50"" width=""50"" alt=""Avatar for fungxxxx from gravatar.com"" title=""Avatar for fungxxxx from gravatar.com"">
          </span>
          <span class=""sidebar-section__user-gravatar-text"">
            fungxxxx
          </span>
        "
"fungjokeb 0.0.1","pip install fungjokeb
          
            
            Copy PIP instructions","Released: 
  Mar 24, 2020","A small example package",,"
          <span class=""sidebar-section__user-gravatar"">
            <img src=""https://pypi-camo.freetls.fastly.net/b54201819f51551c3989285e2fece83a47c0dd72/68747470733a2f2f7365637572652e67726176617461722e636f6d2f6176617461722f64616633303935346630396530636239653866343533643136393665336162363f73697a653d3530"" height=""50"" width=""50"" alt=""Avatar for fungxxxx from gravatar.com"" title=""Avatar for fungxxxx from gravatar.com"">
          </span>
          <span class=""sidebar-section__user-gravatar-text"">
            fungxxxx
          </span>
         | 
          <span class=""sidebar-section__user-gravatar"">
            <img src=""https://pypi-camo.freetls.fastly.net/b54201819f51551c3989285e2fece83a47c0dd72/68747470733a2f2f7365637572652e67726176617461722e636f6d2f6176617461722f64616633303935346630396530636239653866343533643136393665336162363f73697a653d3530"" height=""50"" width=""50"" alt=""Avatar for fungxxxx from gravatar.com"" title=""Avatar for fungxxxx from gravatar.com"">
          </span>
          <span class=""sidebar-section__user-gravatar-text"">
            fungxxxx
          </span>
        "
"funkai 1.1","pip install funkai
          
            
            Copy PIP instructions","Released: 
  May 20, 2024","Easily create and deploy placeholder functions powered by OpenAI and Anthropic (Claude) for rapid prototyping, diverse linguistic tasks, and quick insights.",,"
          <span class=""sidebar-section__user-gravatar"">
            <img src=""https://pypi-camo.freetls.fastly.net/019c3e2acefe63bc3aab9e0053fd63b5f028b40f/68747470733a2f2f7365637572652e67726176617461722e636f6d2f6176617461722f34306638356433656163353431313362356439626531336637663161393562363f73697a653d3530"" height=""50"" width=""50"" alt=""Avatar for adkins.ciara from gravatar.com"" title=""Avatar for adkins.ciara from gravatar.com"">
          </span>
          <span class=""sidebar-section__user-gravatar-text"">
            adkins.ciara
          </span>
         | 
          <span class=""sidebar-section__user-gravatar"">
            <img src=""https://pypi-camo.freetls.fastly.net/019c3e2acefe63bc3aab9e0053fd63b5f028b40f/68747470733a2f2f7365637572652e67726176617461722e636f6d2f6176617461722f34306638356433656163353431313362356439626531336637663161393562363f73697a653d3530"" height=""50"" width=""50"" alt=""Avatar for adkins.ciara from gravatar.com"" title=""Avatar for adkins.ciara from gravatar.com"">
          </span>
          <span class=""sidebar-section__user-gravatar-text"">
            adkins.ciara
          </span>
        "
"funml 0.3.18","pip install funml
          
            
            Copy PIP instructions","Released: 
  Mar 20, 2023","A collection of utilities to help write python as though it were an ML-kind of functional language like OCaml",,"
          <span class=""sidebar-section__user-gravatar"">
            <img src=""https://pypi-camo.freetls.fastly.net/dcfc6493320169665a7e325b4a125bf7c43ddfbc/68747470733a2f2f7365637572652e67726176617461722e636f6d2f6176617461722f62333664633864306565663034646164303063643138333364336434363836353f73697a653d3530"" height=""50"" width=""50"" alt=""Avatar for sopherapps from gravatar.com"" title=""Avatar for sopherapps from gravatar.com"">
          </span>
          <span class=""sidebar-section__user-gravatar-text"">
            sopherapps
          </span>
         | 
          <span class=""sidebar-section__user-gravatar"">
            <img src=""https://pypi-camo.freetls.fastly.net/dcfc6493320169665a7e325b4a125bf7c43ddfbc/68747470733a2f2f7365637572652e67726176617461722e636f6d2f6176617461722f62333664633864306565663034646164303063643138333364336434363836353f73697a653d3530"" height=""50"" width=""50"" alt=""Avatar for sopherapps from gravatar.com"" title=""Avatar for sopherapps from gravatar.com"">
          </span>
          <span class=""sidebar-section__user-gravatar-text"">
            sopherapps
          </span>
        "
,,,,,
,,,,,
"fullcontrol 0.1.1","pip install fullcontrol
          
            
            Copy PIP instructions","Released: 
  Mar 30, 2024","fullcontrol - unconstrained design",,"
          <span class=""sidebar-section__user-gravatar"">
            <img src=""https://pypi-camo.freetls.fastly.net/7db3172126a2fab0d8a13725e14b6841cb9870de/68747470733a2f2f7365637572652e67726176617461722e636f6d2f6176617461722f65386131613934336333636233663661643861613734316237633963376562303f73697a653d3530"" height=""50"" width=""50"" alt=""Avatar for fullcontrolxyz from gravatar.com"" title=""Avatar for fullcontrolxyz from gravatar.com"">
          </span>
          <span class=""sidebar-section__user-gravatar-text"">
            fullcontrolxyz
          </span>
         | 
          <span class=""sidebar-section__user-gravatar"">
            <img src=""https://pypi-camo.freetls.fastly.net/7db3172126a2fab0d8a13725e14b6841cb9870de/68747470733a2f2f7365637572652e67726176617461722e636f6d2f6176617461722f65386131613934336333636233663661643861613734316237633963376562303f73697a653d3530"" height=""50"" width=""50"" alt=""Avatar for fullcontrolxyz from gravatar.com"" title=""Avatar for fullcontrolxyz from gravatar.com"">
          </span>
          <span class=""sidebar-section__user-gravatar-text"">
            fullcontrolxyz
          </span>
        "
"full-fred 0.0.9a3","pip install full-fred
          
            
            Copy PIP instructions","Released: 
  Jul 12, 2021","Full interface to Federal Reserve Economic Data (FRED)",,"
          <span class=""sidebar-section__user-gravatar"">
            <img src=""https://pypi-camo.freetls.fastly.net/7884a1de8d5e4b6f219f01de1def2eff768bd974/68747470733a2f2f7365637572652e67726176617461722e636f6d2f6176617461722f38396137613061646564326432363039373039636539373062396135396365333f73697a653d3530"" height=""50"" width=""50"" alt=""Avatar for rollo from gravatar.com"" title=""Avatar for rollo from gravatar.com"">
          </span>
          <span class=""sidebar-section__user-gravatar-text"">
            rollo
          </span>
         | 
          <span class=""sidebar-section__user-gravatar"">
            <img src=""https://pypi-camo.freetls.fastly.net/7884a1de8d5e4b6f219f01de1def2eff768bd974/68747470733a2f2f7365637572652e67726176617461722e636f6d2f6176617461722f38396137613061646564326432363039373039636539373062396135396365333f73697a653d3530"" height=""50"" width=""50"" alt=""Avatar for rollo from gravatar.com"" title=""Avatar for rollo from gravatar.com"">
          </span>
          <span class=""sidebar-section__user-gravatar-text"">
            rollo
          </span>
        "
"funtime 0.4.7","pip install funtime
          
            
            Copy PIP instructions","Released: 
  Jun 9, 2019","A timeseries library to make your workflow easier",,"
          <span class=""sidebar-section__user-gravatar"">
            <img src=""https://pypi-camo.freetls.fastly.net/e65e51f97a03ae796a5eacab557813e00cd081c2/68747470733a2f2f7365637572652e67726176617461722e636f6d2f6176617461722f61363637626561626663633635643635353138656131383065316261643236323f73697a653d3530"" height=""50"" width=""50"" alt=""Avatar for kivo360 from gravatar.com"" title=""Avatar for kivo360 from gravatar.com"">
          </span>
          <span class=""sidebar-section__user-gravatar-text"">
            kivo360
          </span>
         | 
          <span class=""sidebar-section__user-gravatar"">
            <img src=""https://pypi-camo.freetls.fastly.net/e65e51f97a03ae796a5eacab557813e00cd081c2/68747470733a2f2f7365637572652e67726176617461722e636f6d2f6176617461722f61363637626561626663633635643635353138656131383065316261643236323f73697a653d3530"" height=""50"" width=""50"" alt=""Avatar for kivo360 from gravatar.com"" title=""Avatar for kivo360 from gravatar.com"">
          </span>
          <span class=""sidebar-section__user-gravatar-text"">
            kivo360
          </span>
        "
"furniture-typo 0.0.1","pip install furniture-typo
          
            
            Copy PIP instructions","Released: 
  Feb 5, 2019","Typesetting and layout utilities for drawing and animating in drawBot",,"
          <span class=""sidebar-section__user-gravatar"">
            <img src=""https://pypi-camo.freetls.fastly.net/f028e7b5e41783d56bbd5c900f2cd71ea95371d3/68747470733a2f2f7365637572652e67726176617461722e636f6d2f6176617461722f64326432343937313132383161313735636133346565316232663535336234303f73697a653d3530"" height=""50"" width=""50"" alt=""Avatar for robstenson from gravatar.com"" title=""Avatar for robstenson from gravatar.com"">
          </span>
          <span class=""sidebar-section__user-gravatar-text"">
            robstenson
          </span>
         | 
          <span class=""sidebar-section__user-gravatar"">
            <img src=""https://pypi-camo.freetls.fastly.net/f028e7b5e41783d56bbd5c900f2cd71ea95371d3/68747470733a2f2f7365637572652e67726176617461722e636f6d2f6176617461722f64326432343937313132383161313735636133346565316232663535336234303f73697a653d3530"" height=""50"" width=""50"" alt=""Avatar for robstenson from gravatar.com"" title=""Avatar for robstenson from gravatar.com"">
          </span>
          <span class=""sidebar-section__user-gravatar-text"">
            robstenson
          </span>
        "
"funcargpreprocessor 0.10.3","pip install funcargpreprocessor
          
            
            Copy PIP instructions","Released: 
  May 18, 2021","Parser for function arguments",,"
          <span class=""sidebar-section__user-gravatar"">
            <img src=""https://pypi-camo.freetls.fastly.net/50336d4756bd461ef33fcb47c6d235a14d6f8ad5/68747470733a2f2f7365637572652e67726176617461722e636f6d2f6176617461722f38306235623638626636373737386332373964616538316630646663343538363f73697a653d3530"" height=""50"" width=""50"" alt=""Avatar for sabariram from gravatar.com"" title=""Avatar for sabariram from gravatar.com"">
          </span>
          <span class=""sidebar-section__user-gravatar-text"">
            sabariram
          </span>
         | 
          <span class=""sidebar-section__user-gravatar"">
            <img src=""https://pypi-camo.freetls.fastly.net/50336d4756bd461ef33fcb47c6d235a14d6f8ad5/68747470733a2f2f7365637572652e67726176617461722e636f6d2f6176617461722f38306235623638626636373737386332373964616538316630646663343538363f73697a653d3530"" height=""50"" width=""50"" alt=""Avatar for sabariram from gravatar.com"" title=""Avatar for sabariram from gravatar.com"">
          </span>
          <span class=""sidebar-section__user-gravatar-text"">
            sabariram
          </span>
        "
"func-bk 1.6.3","pip install func-bk
          
            
            Copy PIP instructions","Released: 
  Jun 7, 2024","add function for normal python and add class(for inheritance) for django",,"
          <span class=""sidebar-section__user-gravatar"">
            <img src=""https://pypi-camo.freetls.fastly.net/36588f2adf50a82f7cd83feff6a0c53e440feac6/68747470733a2f2f7365637572652e67726176617461722e636f6d2f6176617461722f37643437343936623066623062613331633261313339633934313362393331613f73697a653d3530"" height=""50"" width=""50"" alt=""Avatar for UEDestroyer from gravatar.com"" title=""Avatar for UEDestroyer from gravatar.com"">
          </span>
          <span class=""sidebar-section__user-gravatar-text"">
            UEDestroyer
          </span>
         | 
          <span class=""sidebar-section__user-gravatar"">
            <img src=""https://pypi-camo.freetls.fastly.net/36588f2adf50a82f7cd83feff6a0c53e440feac6/68747470733a2f2f7365637572652e67726176617461722e636f6d2f6176617461722f37643437343936623066623062613331633261313339633934313362393331613f73697a653d3530"" height=""50"" width=""50"" alt=""Avatar for UEDestroyer from gravatar.com"" title=""Avatar for UEDestroyer from gravatar.com"">
          </span>
          <span class=""sidebar-section__user-gravatar-text"">
            UEDestroyer
          </span>
        "
"fusion-platform-python-sdk 1.13.5","pip install fusion-platform-python-sdk
          
            
            Copy PIP instructions","Released: 
  Aug 9, 2024","Python SDK used to interact with the Fusion Platform(r)",,"
          <span class=""sidebar-section__user-gravatar"">
            <img src=""https://pypi-camo.freetls.fastly.net/41242a935da6f6de552a7b45631514386075d190/68747470733a2f2f7365637572652e67726176617461722e636f6d2f6176617461722f64633131383234343839366632303033366138383632353136386663326434343f73697a653d3530"" height=""50"" width=""50"" alt=""Avatar for d-cat-support from gravatar.com"" title=""Avatar for d-cat-support from gravatar.com"">
          </span>
          <span class=""sidebar-section__user-gravatar-text"">
            d-cat-support
          </span>
         | 
          <span class=""sidebar-section__user-gravatar"">
            <img src=""https://pypi-camo.freetls.fastly.net/41242a935da6f6de552a7b45631514386075d190/68747470733a2f2f7365637572652e67726176617461722e636f6d2f6176617461722f64633131383234343839366632303033366138383632353136386663326434343f73697a653d3530"" height=""50"" width=""50"" alt=""Avatar for d-cat-support from gravatar.com"" title=""Avatar for d-cat-support from gravatar.com"">
          </span>
          <span class=""sidebar-section__user-gravatar-text"">
            d-cat-support
          </span>
        "
"fusionsolar 0.0.6","pip install fusionsolar
          
            
            Copy PIP instructions","Released: 
  Feb 11, 2022","A Python client for Huawei FusionSolar",,"
          <span class=""sidebar-section__user-gravatar"">
            <img src=""https://pypi-camo.freetls.fastly.net/353fa4f36a8fa4b126f826826733ba662f7a8f93/68747470733a2f2f7365637572652e67726176617461722e636f6d2f6176617461722f31323062613435616161613438326164333530626139356335333163376631653f73697a653d3530"" height=""50"" width=""50"" alt=""Avatar for JrtPec from gravatar.com"" title=""Avatar for JrtPec from gravatar.com"">
          </span>
          <span class=""sidebar-section__user-gravatar-text"">
            JrtPec
          </span>
         | 
          <span class=""sidebar-section__user-gravatar"">
            <img src=""https://pypi-camo.freetls.fastly.net/353fa4f36a8fa4b126f826826733ba662f7a8f93/68747470733a2f2f7365637572652e67726176617461722e636f6d2f6176617461722f31323062613435616161613438326164333530626139356335333163376631653f73697a653d3530"" height=""50"" width=""50"" alt=""Avatar for JrtPec from gravatar.com"" title=""Avatar for JrtPec from gravatar.com"">
          </span>
          <span class=""sidebar-section__user-gravatar-text"">
            JrtPec
          </span>
        "
"fusion-solar-py 0.0.26","pip install fusion-solar-py
          
            
            Copy PIP instructions","Released: 
  Aug 13, 2024","A simply API to the Huawei Fusion Solar web interface.",,"
          <span class=""sidebar-section__user-gravatar"">
            <img src=""https://pypi-camo.freetls.fastly.net/52054abdc5471659d7a3e62c74616b03809d5e52/68747470733a2f2f7365637572652e67726176617461722e636f6d2f6176617461722f64306134643065343462346563643965313535633737323764356331633065363f73697a653d3530"" height=""50"" width=""50"" alt=""Avatar for jgriss from gravatar.com"" title=""Avatar for jgriss from gravatar.com"">
          </span>
          <span class=""sidebar-section__user-gravatar-text"">
            jgriss
          </span>
         | 
          <span class=""sidebar-section__user-gravatar"">
            <img src=""https://pypi-camo.freetls.fastly.net/52054abdc5471659d7a3e62c74616b03809d5e52/68747470733a2f2f7365637572652e67726176617461722e636f6d2f6176617461722f64306134643065343462346563643965313535633737323764356331633065363f73697a653d3530"" height=""50"" width=""50"" alt=""Avatar for jgriss from gravatar.com"" title=""Avatar for jgriss from gravatar.com"">
          </span>
          <span class=""sidebar-section__user-gravatar-text"">
            jgriss
          </span>
        "
"futurepy 0.0.4","pip install futurepy
          
            
            Copy PIP instructions","Released: 
  Jun 18, 2021","An unofficial cli version for FutureMe",,"
          <span class=""sidebar-section__user-gravatar"">
            <img src=""https://pypi-camo.freetls.fastly.net/b2838c063a68d11d6d4919e1838c2b2fb0694cbb/68747470733a2f2f7365637572652e67726176617461722e636f6d2f6176617461722f30643232363963393861633435333162356261653639346132366435313064663f73697a653d3530"" height=""50"" width=""50"" alt=""Avatar for guiszk from gravatar.com"" title=""Avatar for guiszk from gravatar.com"">
          </span>
          <span class=""sidebar-section__user-gravatar-text"">
            guiszk
          </span>
         | 
          <span class=""sidebar-section__user-gravatar"">
            <img src=""https://pypi-camo.freetls.fastly.net/b2838c063a68d11d6d4919e1838c2b2fb0694cbb/68747470733a2f2f7365637572652e67726176617461722e636f6d2f6176617461722f30643232363963393861633435333162356261653639346132366435313064663f73697a653d3530"" height=""50"" width=""50"" alt=""Avatar for guiszk from gravatar.com"" title=""Avatar for guiszk from gravatar.com"">
          </span>
          <span class=""sidebar-section__user-gravatar-text"">
            guiszk
          </span>
        "
"fuzzytime 1.1","pip install fuzzytime
          
            
            Copy PIP instructions","Released: 
  Oct 26, 2017","Turns input datetime into fuzzy timestamp format",,"
          <span class=""sidebar-section__user-gravatar"">
            <img src=""https://pypi-camo.freetls.fastly.net/50836472aff255e5a7afda4fcd6c6d306a942f57/68747470733a2f2f7365637572652e67726176617461722e636f6d2f6176617461722f63643138333362646263333235643335383732623661636163396261633762343f73697a653d3530"" height=""50"" width=""50"" alt=""Avatar for harshildp from gravatar.com"" title=""Avatar for harshildp from gravatar.com"">
          </span>
          <span class=""sidebar-section__user-gravatar-text"">
            harshildp
          </span>
         | 
          <span class=""sidebar-section__user-gravatar"">
            <img src=""https://pypi-camo.freetls.fastly.net/50836472aff255e5a7afda4fcd6c6d306a942f57/68747470733a2f2f7365637572652e67726176617461722e636f6d2f6176617461722f63643138333362646263333235643335383732623661636163396261633762343f73697a653d3530"" height=""50"" width=""50"" alt=""Avatar for harshildp from gravatar.com"" title=""Avatar for harshildp from gravatar.com"">
          </span>
          <span class=""sidebar-section__user-gravatar-text"">
            harshildp
          </span>
        "
"fv3config 0.9.0","pip install fv3config
          
            
            Copy PIP instructions","Released: 
  Apr 14, 2022","FV3Config is used to configure and manipulate run directories for FV3GFS.",,"
          <span class=""sidebar-section__user-gravatar"">
            <img src=""https://pypi-camo.freetls.fastly.net/e2a9eb09705aa1e8d7afdec24a1ff0df1ba4e3a0/68747470733a2f2f7365637572652e67726176617461722e636f6d2f6176617461722f31393462396330316135663435663134383133643966313230366266633031313f73697a653d3530"" height=""50"" width=""50"" alt=""Avatar for Twine from gravatar.com"" title=""Avatar for Twine from gravatar.com"">
          </span>
          <span class=""sidebar-section__user-gravatar-text"">
            Twine
          </span>
         | 
          <span class=""sidebar-section__user-gravatar"">
            <img src=""https://pypi-camo.freetls.fastly.net/c57a5f96dfb399666b971831d623b8c8c6c34407/68747470733a2f2f7365637572652e67726176617461722e636f6d2f6176617461722f66366439316631663632316439343566343137386330646138663561653066613f73697a653d3530"" height=""50"" width=""50"" alt=""Avatar for vcm from gravatar.com"" title=""Avatar for vcm from gravatar.com"">
          </span>
          <span class=""sidebar-section__user-gravatar-text"">
            vcm
          </span>
         | 
          <span class=""sidebar-section__user-gravatar"">
            <img src=""https://pypi-camo.freetls.fastly.net/e2a9eb09705aa1e8d7afdec24a1ff0df1ba4e3a0/68747470733a2f2f7365637572652e67726176617461722e636f6d2f6176617461722f31393462396330316135663435663134383133643966313230366266633031313f73697a653d3530"" height=""50"" width=""50"" alt=""Avatar for Twine from gravatar.com"" title=""Avatar for Twine from gravatar.com"">
          </span>
          <span class=""sidebar-section__user-gravatar-text"">
            Twine
          </span>
         | 
          <span class=""sidebar-section__user-gravatar"">
            <img src=""https://pypi-camo.freetls.fastly.net/c57a5f96dfb399666b971831d623b8c8c6c34407/68747470733a2f2f7365637572652e67726176617461722e636f6d2f6176617461722f66366439316631663632316439343566343137386330646138663561653066613f73697a653d3530"" height=""50"" width=""50"" alt=""Avatar for vcm from gravatar.com"" title=""Avatar for vcm from gravatar.com"">
          </span>
          <span class=""sidebar-section__user-gravatar-text"">
            vcm
          </span>
        "
"fvbitcore 0.1.0","pip install fvbitcore
          
            
            Copy PIP instructions","Released: 
  May 19, 2022","Fork of https://github.com/facebookresearch/fvcore with support for bitorch",,"
          <span class=""sidebar-section__user-gravatar"">
            <img src=""https://pypi-camo.freetls.fastly.net/eac2db29e3bbc777ff18d8d7f8f6abdfac80af00/68747470733a2f2f7365637572652e67726176617461722e636f6d2f6176617461722f37306130613034386461623134343962666565313761613264633532633036393f73697a653d3530"" height=""50"" width=""50"" alt=""Avatar for Jopyth from gravatar.com"" title=""Avatar for Jopyth from gravatar.com"">
          </span>
          <span class=""sidebar-section__user-gravatar-text"">
            Jopyth
          </span>
         | 
          <span class=""sidebar-section__user-gravatar"">
            <img src=""https://pypi-camo.freetls.fastly.net/eac2db29e3bbc777ff18d8d7f8f6abdfac80af00/68747470733a2f2f7365637572652e67726176617461722e636f6d2f6176617461722f37306130613034386461623134343962666565313761613264633532633036393f73697a653d3530"" height=""50"" width=""50"" alt=""Avatar for Jopyth from gravatar.com"" title=""Avatar for Jopyth from gravatar.com"">
          </span>
          <span class=""sidebar-section__user-gravatar-text"">
            Jopyth
          </span>
        "
"fuzzfetch 8.0.0","pip install fuzzfetch
          
            
            Copy PIP instructions","Released: 
  Jul 24, 2024","Downloader for firefox/jsshell builds.",,"
          <span class=""sidebar-section__user-gravatar"">
            <img src=""https://pypi-camo.freetls.fastly.net/51b55d2a2471e4bc0bf7621bf30dc951ed42967f/68747470733a2f2f7365637572652e67726176617461722e636f6d2f6176617461722f65323063646362393838383530643166373932393038643531383763633662623f73697a653d3530"" height=""50"" width=""50"" alt=""Avatar for jkratzer from gravatar.com"" title=""Avatar for jkratzer from gravatar.com"">
          </span>
          <span class=""sidebar-section__user-gravatar-text"">
            jkratzer
          </span>
         | 
          <span class=""sidebar-section__user-gravatar"">
            <img src=""https://pypi-camo.freetls.fastly.net/20a839f89215b662ce63c637ccdeb56375b84a81/68747470733a2f2f7365637572652e67726176617461722e636f6d2f6176617461722f35306131346365646566356662643333373338373038383763616231666635303f73697a653d3530"" height=""50"" width=""50"" alt=""Avatar for mozillasecurity from gravatar.com"" title=""Avatar for mozillasecurity from gravatar.com"">
          </span>
          <span class=""sidebar-section__user-gravatar-text"">
            mozillasecurity
          </span>
         | 
          <span class=""sidebar-section__user-gravatar"">
            <img src=""https://pypi-camo.freetls.fastly.net/cd986bdff1409cadcfb43387ff9bdda868f71070/68747470733a2f2f7365637572652e67726176617461722e636f6d2f6176617461722f62636632316139383762646637633931376334653135643265356539653763363f73697a653d3530"" height=""50"" width=""50"" alt=""Avatar for truber from gravatar.com"" title=""Avatar for truber from gravatar.com"">
          </span>
          <span class=""sidebar-section__user-gravatar-text"">
            truber
          </span>
         | 
          <span class=""sidebar-section__user-gravatar"">
            <img src=""https://pypi-camo.freetls.fastly.net/51b55d2a2471e4bc0bf7621bf30dc951ed42967f/68747470733a2f2f7365637572652e67726176617461722e636f6d2f6176617461722f65323063646362393838383530643166373932393038643531383763633662623f73697a653d3530"" height=""50"" width=""50"" alt=""Avatar for jkratzer from gravatar.com"" title=""Avatar for jkratzer from gravatar.com"">
          </span>
          <span class=""sidebar-section__user-gravatar-text"">
            jkratzer
          </span>
         | 
          <span class=""sidebar-section__user-gravatar"">
            <img src=""https://pypi-camo.freetls.fastly.net/20a839f89215b662ce63c637ccdeb56375b84a81/68747470733a2f2f7365637572652e67726176617461722e636f6d2f6176617461722f35306131346365646566356662643333373338373038383763616231666635303f73697a653d3530"" height=""50"" width=""50"" alt=""Avatar for mozillasecurity from gravatar.com"" title=""Avatar for mozillasecurity from gravatar.com"">
          </span>
          <span class=""sidebar-section__user-gravatar-text"">
            mozillasecurity
          </span>
         | 
          <span class=""sidebar-section__user-gravatar"">
            <img src=""https://pypi-camo.freetls.fastly.net/cd986bdff1409cadcfb43387ff9bdda868f71070/68747470733a2f2f7365637572652e67726176617461722e636f6d2f6176617461722f62636632316139383762646637633931376334653135643265356539653763363f73697a653d3530"" height=""50"" width=""50"" alt=""Avatar for truber from gravatar.com"" title=""Avatar for truber from gravatar.com"">
          </span>
          <span class=""sidebar-section__user-gravatar-text"">
            truber
          </span>
        "
"fvscraper 0.0.1","pip install fvscraper
          
            
            Copy PIP instructions","Released: 
  Jan 26, 2023","Library for interacting with https://finviz.com",,"
          <span class=""sidebar-section__user-gravatar"">
            <img src=""https://pypi-camo.freetls.fastly.net/a4cd6ff7bcb9b27d6ba951944201f59c626f575e/68747470733a2f2f7365637572652e67726176617461722e636f6d2f6176617461722f34383062643530353233313463616338656335336336343637396135353038303f73697a653d3530"" height=""50"" width=""50"" alt=""Avatar for daniel.ikechukwu from gravatar.com"" title=""Avatar for daniel.ikechukwu from gravatar.com"">
          </span>
          <span class=""sidebar-section__user-gravatar-text"">
            daniel.ikechukwu
          </span>
         | 
          <span class=""sidebar-section__user-gravatar"">
            <img src=""https://pypi-camo.freetls.fastly.net/a4cd6ff7bcb9b27d6ba951944201f59c626f575e/68747470733a2f2f7365637572652e67726176617461722e636f6d2f6176617461722f34383062643530353233313463616338656335336336343637396135353038303f73697a653d3530"" height=""50"" width=""50"" alt=""Avatar for daniel.ikechukwu from gravatar.com"" title=""Avatar for daniel.ikechukwu from gravatar.com"">
          </span>
          <span class=""sidebar-section__user-gravatar-text"">
            daniel.ikechukwu
          </span>
        "
"fvwmpy 1.2.0","pip install fvwmpy
          
            
            Copy PIP instructions","Released: 
  Feb 18, 2022","Simple and flexible interface to develop FVWM modules",,"
          <span class=""sidebar-section__user-gravatar"">
            <img src=""https://pypi-camo.freetls.fastly.net/5eef46f7d2d4c0b1e50912fbd0cbf50962fc61a5/68747470733a2f2f7365637572652e67726176617461722e636f6d2f6176617461722f34613531613034323933343464346435396461353537656530386631396338663f73697a653d3530"" height=""50"" width=""50"" alt=""Avatar for rostislav-matveev from gravatar.com"" title=""Avatar for rostislav-matveev from gravatar.com"">
          </span>
          <span class=""sidebar-section__user-gravatar-text"">
            rostislav-matveev
          </span>
         | 
          <span class=""sidebar-section__user-gravatar"">
            <img src=""https://pypi-camo.freetls.fastly.net/5eef46f7d2d4c0b1e50912fbd0cbf50962fc61a5/68747470733a2f2f7365637572652e67726176617461722e636f6d2f6176617461722f34613531613034323933343464346435396461353537656530386631396338663f73697a653d3530"" height=""50"" width=""50"" alt=""Avatar for rostislav-matveev from gravatar.com"" title=""Avatar for rostislav-matveev from gravatar.com"">
          </span>
          <span class=""sidebar-section__user-gravatar-text"">
            rostislav-matveev
          </span>
        "
"fwf 0.1.0","pip install fwf
          
            
            Copy PIP instructions","Released: 
  Mar 14, 2017","Fixed-Width-Field File Format parser and tools",,"
          <span class=""sidebar-section__user-gravatar"">
            <img src=""https://pypi-camo.freetls.fastly.net/c718dcce14eb216f1c537445679b71291802759d/68747470733a2f2f7365637572652e67726176617461722e636f6d2f6176617461722f37356633303339393164306339353236653962313831626532333231316463333f73697a653d3530"" height=""50"" width=""50"" alt=""Avatar for nanook.labs from gravatar.com"" title=""Avatar for nanook.labs from gravatar.com"">
          </span>
          <span class=""sidebar-section__user-gravatar-text"">
            nanook.labs
          </span>
         | 
          <span class=""sidebar-section__user-gravatar"">
            <img src=""https://pypi-camo.freetls.fastly.net/c718dcce14eb216f1c537445679b71291802759d/68747470733a2f2f7365637572652e67726176617461722e636f6d2f6176617461722f37356633303339393164306339353236653962313831626532333231316463333f73697a653d3530"" height=""50"" width=""50"" alt=""Avatar for nanook.labs from gravatar.com"" title=""Avatar for nanook.labs from gravatar.com"">
          </span>
          <span class=""sidebar-section__user-gravatar-text"">
            nanook.labs
          </span>
        "
"ga4gh-rnaget-compliance 1.0.0","pip install ga4gh-rnaget-compliance
          
            
            Copy PIP instructions","Released: 
  Jan 24, 2020","Reports web service compliance to GA4GH RNAget specification",,"
          <span class=""sidebar-section__user-gravatar"">
            <img src=""https://pypi-camo.freetls.fastly.net/b272e78256240f4165a31e3b09f9c318b387e3bc/68747470733a2f2f7365637572652e67726176617461722e636f6d2f6176617461722f30353563336161316136376261363462353337383761633964636332623835613f73697a653d3530"" height=""50"" width=""50"" alt=""Avatar for jbadams from gravatar.com"" title=""Avatar for jbadams from gravatar.com"">
          </span>
          <span class=""sidebar-section__user-gravatar-text"">
            jbadams
          </span>
         | 
          <span class=""sidebar-section__user-gravatar"">
            <img src=""https://pypi-camo.freetls.fastly.net/a2251723b7365e225ac035373a1110de44b5c41d/68747470733a2f2f7365637572652e67726176617461722e636f6d2f6176617461722f35653734653164633731666162316333353862646233393235353631653636653f73697a653d3530"" height=""50"" width=""50"" alt=""Avatar for jimmyp from gravatar.com"" title=""Avatar for jimmyp from gravatar.com"">
          </span>
          <span class=""sidebar-section__user-gravatar-text"">
            jimmyp
          </span>
         | 
          <span class=""sidebar-section__user-gravatar"">
            <img src=""https://pypi-camo.freetls.fastly.net/9ed581011513bee6114258cd0ef986f27fbfec01/68747470733a2f2f7365637572652e67726176617461722e636f6d2f6176617461722f32356135366236616537326134613435663661613138366236323031653836663f73697a653d3530"" height=""50"" width=""50"" alt=""Avatar for yash-puligundla from gravatar.com"" title=""Avatar for yash-puligundla from gravatar.com"">
          </span>
          <span class=""sidebar-section__user-gravatar-text"">
            yash-puligundla
          </span>
         | 
          <span class=""sidebar-section__user-gravatar"">
            <img src=""https://pypi-camo.freetls.fastly.net/b272e78256240f4165a31e3b09f9c318b387e3bc/68747470733a2f2f7365637572652e67726176617461722e636f6d2f6176617461722f30353563336161316136376261363462353337383761633964636332623835613f73697a653d3530"" height=""50"" width=""50"" alt=""Avatar for jbadams from gravatar.com"" title=""Avatar for jbadams from gravatar.com"">
          </span>
          <span class=""sidebar-section__user-gravatar-text"">
            jbadams
          </span>
         | 
          <span class=""sidebar-section__user-gravatar"">
            <img src=""https://pypi-camo.freetls.fastly.net/a2251723b7365e225ac035373a1110de44b5c41d/68747470733a2f2f7365637572652e67726176617461722e636f6d2f6176617461722f35653734653164633731666162316333353862646233393235353631653636653f73697a653d3530"" height=""50"" width=""50"" alt=""Avatar for jimmyp from gravatar.com"" title=""Avatar for jimmyp from gravatar.com"">
          </span>
          <span class=""sidebar-section__user-gravatar-text"">
            jimmyp
          </span>
         | 
          <span class=""sidebar-section__user-gravatar"">
            <img src=""https://pypi-camo.freetls.fastly.net/9ed581011513bee6114258cd0ef986f27fbfec01/68747470733a2f2f7365637572652e67726176617461722e636f6d2f6176617461722f32356135366236616537326134613435663661613138366236323031653836663f73697a653d3530"" height=""50"" width=""50"" alt=""Avatar for yash-puligundla from gravatar.com"" title=""Avatar for yash-puligundla from gravatar.com"">
          </span>
          <span class=""sidebar-section__user-gravatar-text"">
            yash-puligundla
          </span>
        "
"ga4mp 2.0.4","pip install ga4mp
          
            
            Copy PIP instructions","Released: 
  Sep 27, 2022","Google Analytics 4 Measurement Protocol Python Module",,"
          <span class=""sidebar-section__user-gravatar"">
            <img src=""https://pypi-camo.freetls.fastly.net/091e8aed5048a35a7012b741b70c157317c44460/68747470733a2f2f7365637572652e67726176617461722e636f6d2f6176617461722f66656436303231353834396337326534393238323030373736356136396132333f73697a653d3530"" height=""50"" width=""50"" alt=""Avatar for danreia from gravatar.com"" title=""Avatar for danreia from gravatar.com"">
          </span>
          <span class=""sidebar-section__user-gravatar-text"">
            danreia
          </span>
         | 
          <span class=""sidebar-section__user-gravatar"">
            <img src=""https://pypi-camo.freetls.fastly.net/8b4b6d995229f34b47ad3dbb37d5da8cb2beebb1/68747470733a2f2f7365637572652e67726176617461722e636f6d2f6176617461722f37666134306139663566373433333166366434613634396235643437343232393f73697a653d3530"" height=""50"" width=""50"" alt=""Avatar for rptomey from gravatar.com"" title=""Avatar for rptomey from gravatar.com"">
          </span>
          <span class=""sidebar-section__user-gravatar-text"">
            rptomey
          </span>
         | 
          <span class=""sidebar-section__user-gravatar"">
            <img src=""https://pypi-camo.freetls.fastly.net/c7684af0a1301e8b13f4fab66e53443f603ebc83/68747470733a2f2f7365637572652e67726176617461722e636f6d2f6176617461722f65356466313531616365346236323038303734303165643533343631353663623f73697a653d3530"" height=""50"" width=""50"" alt=""Avatar for zatchell from gravatar.com"" title=""Avatar for zatchell from gravatar.com"">
          </span>
          <span class=""sidebar-section__user-gravatar-text"">
            zatchell
          </span>
         | 
          <span class=""sidebar-section__user-gravatar"">
            <img src=""https://pypi-camo.freetls.fastly.net/091e8aed5048a35a7012b741b70c157317c44460/68747470733a2f2f7365637572652e67726176617461722e636f6d2f6176617461722f66656436303231353834396337326534393238323030373736356136396132333f73697a653d3530"" height=""50"" width=""50"" alt=""Avatar for danreia from gravatar.com"" title=""Avatar for danreia from gravatar.com"">
          </span>
          <span class=""sidebar-section__user-gravatar-text"">
            danreia
          </span>
         | 
          <span class=""sidebar-section__user-gravatar"">
            <img src=""https://pypi-camo.freetls.fastly.net/8b4b6d995229f34b47ad3dbb37d5da8cb2beebb1/68747470733a2f2f7365637572652e67726176617461722e636f6d2f6176617461722f37666134306139663566373433333166366434613634396235643437343232393f73697a653d3530"" height=""50"" width=""50"" alt=""Avatar for rptomey from gravatar.com"" title=""Avatar for rptomey from gravatar.com"">
          </span>
          <span class=""sidebar-section__user-gravatar-text"">
            rptomey
          </span>
         | 
          <span class=""sidebar-section__user-gravatar"">
            <img src=""https://pypi-camo.freetls.fastly.net/c7684af0a1301e8b13f4fab66e53443f603ebc83/68747470733a2f2f7365637572652e67726176617461722e636f6d2f6176617461722f65356466313531616365346236323038303734303165643533343631353663623f73697a653d3530"" height=""50"" width=""50"" alt=""Avatar for zatchell from gravatar.com"" title=""Avatar for zatchell from gravatar.com"">
          </span>
          <span class=""sidebar-section__user-gravatar-text"">
            zatchell
          </span>
        "
"gaapi4py 1.2.0","pip install gaapi4py
          
            
            Copy PIP instructions","Released: 
  Sep 10, 2019","Google Analytics Reporting API v4 for Python 3",,"
          <span class=""sidebar-section__user-gravatar"">
            <img src=""https://pypi-camo.freetls.fastly.net/86382ac482a018a6a395cd29b533d5ca2b8aab2e/68747470733a2f2f7365637572652e67726176617461722e636f6d2f6176617461722f36316530613561366361356438373035313865666233376134666163643730323f73697a653d3530"" height=""50"" width=""50"" alt=""Avatar for ptrvtch from gravatar.com"" title=""Avatar for ptrvtch from gravatar.com"">
          </span>
          <span class=""sidebar-section__user-gravatar-text"">
            ptrvtch
          </span>
         | 
          <span class=""sidebar-section__user-gravatar"">
            <img src=""https://pypi-camo.freetls.fastly.net/86382ac482a018a6a395cd29b533d5ca2b8aab2e/68747470733a2f2f7365637572652e67726176617461722e636f6d2f6176617461722f36316530613561366361356438373035313865666233376134666163643730323f73697a653d3530"" height=""50"" width=""50"" alt=""Avatar for ptrvtch from gravatar.com"" title=""Avatar for ptrvtch from gravatar.com"">
          </span>
          <span class=""sidebar-section__user-gravatar-text"">
            ptrvtch
          </span>
        "
"gaarf-exporter 1.1.1","pip install gaarf-exporter
          
            
            Copy PIP instructions","Released: 
  Jun 27, 2024","No project description provided",,"
          <span class=""sidebar-section__user-gravatar"">
            <img src=""https://pypi-camo.freetls.fastly.net/9516f71387155944b91c4a030288fb1534619388/68747470733a2f2f7365637572652e67726176617461722e636f6d2f6176617461722f36356533626564363036313835393362346333346431323931623834333064313f73697a653d3530"" height=""50"" width=""50"" alt=""Avatar for gps-cse-eem from gravatar.com"" title=""Avatar for gps-cse-eem from gravatar.com"">
          </span>
          <span class=""sidebar-section__user-gravatar-text"">
            gps-cse-eem
          </span>
         | 
          <span class=""sidebar-section__user-gravatar"">
            <img src=""https://pypi-camo.freetls.fastly.net/9516f71387155944b91c4a030288fb1534619388/68747470733a2f2f7365637572652e67726176617461722e636f6d2f6176617461722f36356533626564363036313835393362346333346431323931623834333064313f73697a653d3530"" height=""50"" width=""50"" alt=""Avatar for gps-cse-eem from gravatar.com"" title=""Avatar for gps-cse-eem from gravatar.com"">
          </span>
          <span class=""sidebar-section__user-gravatar-text"">
            gps-cse-eem
          </span>
        "
"ga-attribution-scrape 0.2.1","pip install ga-attribution-scrape
          
            
            Copy PIP instructions","Released: 
  Dec 7, 2020","Scrapes attribution data from GAs Model Comparison Tool through JS Network and sends to Bigquery.",,"
          <span class=""sidebar-section__user-gravatar"">
            <img src=""https://pypi-camo.freetls.fastly.net/2b1ca79fcec48638149946ec6f662bd1166c9ce8/68747470733a2f2f7365637572652e67726176617461722e636f6d2f6176617461722f39633464666539336363386266353366346635303161643634653136396133363f73697a653d3530"" height=""50"" width=""50"" alt=""Avatar for lewisaustinbryan from gravatar.com"" title=""Avatar for lewisaustinbryan from gravatar.com"">
          </span>
          <span class=""sidebar-section__user-gravatar-text"">
            lewisaustinbryan
          </span>
         | 
          <span class=""sidebar-section__user-gravatar"">
            <img src=""https://pypi-camo.freetls.fastly.net/2b1ca79fcec48638149946ec6f662bd1166c9ce8/68747470733a2f2f7365637572652e67726176617461722e636f6d2f6176617461722f39633464666539336363386266353366346635303161643634653136396133363f73697a653d3530"" height=""50"" width=""50"" alt=""Avatar for lewisaustinbryan from gravatar.com"" title=""Avatar for lewisaustinbryan from gravatar.com"">
          </span>
          <span class=""sidebar-section__user-gravatar-text"">
            lewisaustinbryan
          </span>
        "
"gabarit 1.3.3","pip install gabarit
          
            
            Copy PIP instructions","Released: 
  Aug 14, 2023","Kickstart your AI project as code",,"
          <span class=""sidebar-section__user-gravatar"">
            <img src=""https://pypi-camo.freetls.fastly.net/35985c679dd8149aa86014bf380bc29a727269e1/68747470733a2f2f7365637572652e67726176617461722e636f6d2f6176617461722f63656637326538633633626636373730633730303235326434386436383064323f73697a653d3530"" height=""50"" width=""50"" alt=""Avatar for adsai from gravatar.com"" title=""Avatar for adsai from gravatar.com"">
          </span>
          <span class=""sidebar-section__user-gravatar-text"">
            adsai
          </span>
         | 
          <span class=""sidebar-section__user-gravatar"">
            <img src=""https://pypi-camo.freetls.fastly.net/35985c679dd8149aa86014bf380bc29a727269e1/68747470733a2f2f7365637572652e67726176617461722e636f6d2f6176617461722f63656637326538633633626636373730633730303235326434386436383064323f73697a653d3530"" height=""50"" width=""50"" alt=""Avatar for adsai from gravatar.com"" title=""Avatar for adsai from gravatar.com"">
          </span>
          <span class=""sidebar-section__user-gravatar-text"">
            adsai
          </span>
        "
"gabber 0.1.2","pip install gabber
          
            
            Copy PIP instructions","Released: 
  Oct 18, 2023","Gabber is a tool for scraping and analyzing Gab posts.",,"
          <span class=""sidebar-section__user-gravatar"">
            <img src=""https://pypi-camo.freetls.fastly.net/14de94581523d7316715f578a26d44a65ff93b2e/68747470733a2f2f7365637572652e67726176617461722e636f6d2f6176617461722f61363138333338326431366563616566303131313032643366643835633536373f73697a653d3530"" height=""50"" width=""50"" alt=""Avatar for milesmcc from gravatar.com"" title=""Avatar for milesmcc from gravatar.com"">
          </span>
          <span class=""sidebar-section__user-gravatar-text"">
            milesmcc
          </span>
         | 
          <span class=""sidebar-section__user-gravatar"">
            <img src=""https://pypi-camo.freetls.fastly.net/14de94581523d7316715f578a26d44a65ff93b2e/68747470733a2f2f7365637572652e67726176617461722e636f6d2f6176617461722f61363138333338326431366563616566303131313032643366643835633536373f73697a653d3530"" height=""50"" width=""50"" alt=""Avatar for milesmcc from gravatar.com"" title=""Avatar for milesmcc from gravatar.com"">
          </span>
          <span class=""sidebar-section__user-gravatar-text"">
            milesmcc
          </span>
        "
"fx-analytics 1.6.5","pip install fx-analytics
          
            
            Copy PIP instructions","Released: 
  Jan 5, 2024","No project description provided",,"
          <span class=""sidebar-section__user-gravatar"">
            <img src=""https://pypi-camo.freetls.fastly.net/e3a7e95a00d6ea2e6d69dbe839a69441dfeac774/68747470733a2f2f7365637572652e67726176617461722e636f6d2f6176617461722f62393866623630396564326436613662343338336666626631313431633033613f73697a653d3530"" height=""50"" width=""50"" alt=""Avatar for jaybfn from gravatar.com"" title=""Avatar for jaybfn from gravatar.com"">
          </span>
          <span class=""sidebar-section__user-gravatar-text"">
            jaybfn
          </span>
         | 
          <span class=""sidebar-section__user-gravatar"">
            <img src=""https://pypi-camo.freetls.fastly.net/e3a7e95a00d6ea2e6d69dbe839a69441dfeac774/68747470733a2f2f7365637572652e67726176617461722e636f6d2f6176617461722f62393866623630396564326436613662343338336666626631313431633033613f73697a653d3530"" height=""50"" width=""50"" alt=""Avatar for jaybfn from gravatar.com"" title=""Avatar for jaybfn from gravatar.com"">
          </span>
          <span class=""sidebar-section__user-gravatar-text"">
            jaybfn
          </span>
        "
"fxapi 1.1","pip install fxapi
          
            
            Copy PIP instructions","Released: 
  Apr 6, 2019","FXaPi is a unofficial python module for the site fxp.co.il",,"
          <span class=""sidebar-section__user-gravatar"">
            <img src=""https://pypi-camo.freetls.fastly.net/0e5be88663f2baf2554975c496f31c4db3f74467/68747470733a2f2f7365637572652e67726176617461722e636f6d2f6176617461722f62666362626235613963303762633062323130653436386332326237373932383f73697a653d3530"" height=""50"" width=""50"" alt=""Avatar for avramit from gravatar.com"" title=""Avatar for avramit from gravatar.com"">
          </span>
          <span class=""sidebar-section__user-gravatar-text"">
            avramit
          </span>
         | 
          <span class=""sidebar-section__user-gravatar"">
            <img src=""https://pypi-camo.freetls.fastly.net/0e5be88663f2baf2554975c496f31c4db3f74467/68747470733a2f2f7365637572652e67726176617461722e636f6d2f6176617461722f62666362626235613963303762633062323130653436386332326237373932383f73697a653d3530"" height=""50"" width=""50"" alt=""Avatar for avramit from gravatar.com"" title=""Avatar for avramit from gravatar.com"">
          </span>
          <span class=""sidebar-section__user-gravatar-text"">
            avramit
          </span>
        "
"fxcpy 1.2.2a7","pip install fxcpy
          
            
            Copy PIP instructions","Released: 
  Apr 6, 2018",https://github.com/JamesKBowler/fxcpy,,"
          <span class=""sidebar-section__user-gravatar"">
            <img src=""https://pypi-camo.freetls.fastly.net/24e0fdb0a84fcc44fe1351ea22b9d79262f644f1/68747470733a2f2f7365637572652e67726176617461722e636f6d2f6176617461722f61626164336336386238346263373062633733393035663561643464346135653f73697a653d3530"" height=""50"" width=""50"" alt=""Avatar for jamesbowler from gravatar.com"" title=""Avatar for jamesbowler from gravatar.com"">
          </span>
          <span class=""sidebar-section__user-gravatar-text"">
            jamesbowler
          </span>
         | 
          <span class=""sidebar-section__user-gravatar"">
            <img src=""https://pypi-camo.freetls.fastly.net/24e0fdb0a84fcc44fe1351ea22b9d79262f644f1/68747470733a2f2f7365637572652e67726176617461722e636f6d2f6176617461722f61626164336336386238346263373062633733393035663561643464346135653f73697a653d3530"" height=""50"" width=""50"" alt=""Avatar for jamesbowler from gravatar.com"" title=""Avatar for jamesbowler from gravatar.com"">
          </span>
          <span class=""sidebar-section__user-gravatar-text"">
            jamesbowler
          </span>
        "
"fxrates 0.1.0","pip install fxrates
          
            
            Copy PIP instructions","Released: 
  Aug 16, 2024","Python client to collect daily exchange rates provided by the ECB",,"
          <span class=""sidebar-section__user-gravatar"">
            <img src=""https://pypi-camo.freetls.fastly.net/0d46449ba68b7afece4abfb0c391eedc4e68f965/68747470733a2f2f7365637572652e67726176617461722e636f6d2f6176617461722f32643139633162363363326163363762323632663934663935313731653439613f73697a653d3530"" height=""50"" width=""50"" alt=""Avatar for Ascal0n from gravatar.com"" title=""Avatar for Ascal0n from gravatar.com"">
          </span>
          <span class=""sidebar-section__user-gravatar-text"">
            Ascal0n
          </span>
         | 
          <span class=""sidebar-section__user-gravatar"">
            <img src=""https://pypi-camo.freetls.fastly.net/0d46449ba68b7afece4abfb0c391eedc4e68f965/68747470733a2f2f7365637572652e67726176617461722e636f6d2f6176617461722f32643139633162363363326163363762323632663934663935313731653439613f73697a653d3530"" height=""50"" width=""50"" alt=""Avatar for Ascal0n from gravatar.com"" title=""Avatar for Ascal0n from gravatar.com"">
          </span>
          <span class=""sidebar-section__user-gravatar-text"">
            Ascal0n
          </span>
        "
"gaerpytz 2020.5","pip install gaerpytz
          
            
            Copy PIP instructions","Released: 
  Jan 28, 2021","gaerpytz is like gaepytz (a version of pytz that works well on Google App Engine) but automated so zoneinfo is up-to-date.",,"
          <span class=""sidebar-section__user-gravatar"">
            <img src=""https://pypi-camo.freetls.fastly.net/62efd2fe33f96bdf2644898fe0c162e6a8919983/68747470733a2f2f7365637572652e67726176617461722e636f6d2f6176617461722f34646261663734366335383165633461616134613031336135396333303838353f73697a653d3530"" height=""50"" width=""50"" alt=""Avatar for gaerpytz from gravatar.com"" title=""Avatar for gaerpytz from gravatar.com"">
          </span>
          <span class=""sidebar-section__user-gravatar-text"">
            gaerpytz
          </span>
         | 
          <span class=""sidebar-section__user-gravatar"">
            <img src=""https://pypi-camo.freetls.fastly.net/62efd2fe33f96bdf2644898fe0c162e6a8919983/68747470733a2f2f7365637572652e67726176617461722e636f6d2f6176617461722f34646261663734366335383165633461616134613031336135396333303838353f73697a653d3530"" height=""50"" width=""50"" alt=""Avatar for gaerpytz from gravatar.com"" title=""Avatar for gaerpytz from gravatar.com"">
          </span>
          <span class=""sidebar-section__user-gravatar-text"">
            gaerpytz
          </span>
        "
"gae-validators 1.0.4","pip install gae-validators
          
            
            Copy PIP instructions","Released: 
  Jul 16, 2020","User input validation with defaults for the Google App Engine datastore.",,"
          <span class=""sidebar-section__user-gravatar"">
            <img src=""https://pypi-camo.freetls.fastly.net/61820e685a5587f2ccbff5c55d6eb2917e13fd0d/68747470733a2f2f7365637572652e67726176617461722e636f6d2f6176617461722f33613766323834643666633533343962303838646234656465383730316534643f73697a653d3530"" height=""50"" width=""50"" alt=""Avatar for bdoms from gravatar.com"" title=""Avatar for bdoms from gravatar.com"">
          </span>
          <span class=""sidebar-section__user-gravatar-text"">
            bdoms
          </span>
         | 
          <span class=""sidebar-section__user-gravatar"">
            <img src=""https://pypi-camo.freetls.fastly.net/61820e685a5587f2ccbff5c55d6eb2917e13fd0d/68747470733a2f2f7365637572652e67726176617461722e636f6d2f6176617461722f33613766323834643666633533343962303838646234656465383730316534643f73697a653d3530"" height=""50"" width=""50"" alt=""Avatar for bdoms from gravatar.com"" title=""Avatar for bdoms from gravatar.com"">
          </span>
          <span class=""sidebar-section__user-gravatar-text"">
            bdoms
          </span>
        "
"ga-extractor 0.1.1","pip install ga-extractor
          
            
            Copy PIP instructions","Released: 
  Mar 29, 2022","Tool for extracting Google Analytics data suitable for migrating to other platforms",,"
          <span class=""sidebar-section__user-gravatar"">
            <img src=""https://pypi-camo.freetls.fastly.net/abde1ba489e526c731972102ad8700c5d5ea9c9f/68747470733a2f2f7365637572652e67726176617461722e636f6d2f6176617461722f31613136396638643233353464653464313763333636306137313465356232373f73697a653d3530"" height=""50"" width=""50"" alt=""Avatar for MartinHeinz from gravatar.com"" title=""Avatar for MartinHeinz from gravatar.com"">
          </span>
          <span class=""sidebar-section__user-gravatar-text"">
            MartinHeinz
          </span>
         | 
          <span class=""sidebar-section__user-gravatar"">
            <img src=""https://pypi-camo.freetls.fastly.net/abde1ba489e526c731972102ad8700c5d5ea9c9f/68747470733a2f2f7365637572652e67726176617461722e636f6d2f6176617461722f31613136396638643233353464653464313763333636306137313465356232373f73697a653d3530"" height=""50"" width=""50"" alt=""Avatar for MartinHeinz from gravatar.com"" title=""Avatar for MartinHeinz from gravatar.com"">
          </span>
          <span class=""sidebar-section__user-gravatar-text"">
            MartinHeinz
          </span>
        "
"fycharts 4.0.2","pip install fycharts
          
            
            Copy PIP instructions","Released: 
  Jan 1, 2021","A fully-fledged installable python package for extracting top 200 and viral 50 charts off of spotifycharts.com",,"
          <span class=""sidebar-section__user-gravatar"">
            <img src=""https://pypi-camo.freetls.fastly.net/33c04bdd47bf479af513830af3c185a27650db1c/68747470733a2f2f7365637572652e67726176617461722e636f6d2f6176617461722f31323239363864636465623438396164373562333432323763613730636263623f73697a653d3530"" height=""50"" width=""50"" alt=""Avatar for kelvingakuo from gravatar.com"" title=""Avatar for kelvingakuo from gravatar.com"">
          </span>
          <span class=""sidebar-section__user-gravatar-text"">
            kelvingakuo
          </span>
         | 
          <span class=""sidebar-section__user-gravatar"">
            <img src=""https://pypi-camo.freetls.fastly.net/33c04bdd47bf479af513830af3c185a27650db1c/68747470733a2f2f7365637572652e67726176617461722e636f6d2f6176617461722f31323239363864636465623438396164373562333432323763613730636263623f73697a653d3530"" height=""50"" width=""50"" alt=""Avatar for kelvingakuo from gravatar.com"" title=""Avatar for kelvingakuo from gravatar.com"">
          </span>
          <span class=""sidebar-section__user-gravatar-text"">
            kelvingakuo
          </span>
        "
"fyle-archive-utility 0.2.1","pip install fyle-archive-utility
          
            
            Copy PIP instructions","Released: 
  Dec 10, 2019","Command-line tool to download Fyle data.",,"
          <span class=""sidebar-section__user-gravatar"">
            <img src=""https://pypi-camo.freetls.fastly.net/006695a749c37be450cd5ae7f88e207d4731c00d/68747470733a2f2f7365637572652e67726176617461722e636f6d2f6176617461722f35383535333965333732613730396630333330333366326365303832663734373f73697a653d3530"" height=""50"" width=""50"" alt=""Avatar for sivafyle from gravatar.com"" title=""Avatar for sivafyle from gravatar.com"">
          </span>
          <span class=""sidebar-section__user-gravatar-text"">
            sivafyle
          </span>
         | 
          <span class=""sidebar-section__user-gravatar"">
            <img src=""https://pypi-camo.freetls.fastly.net/006695a749c37be450cd5ae7f88e207d4731c00d/68747470733a2f2f7365637572652e67726176617461722e636f6d2f6176617461722f35383535333965333732613730396630333330333366326365303832663734373f73697a653d3530"" height=""50"" width=""50"" alt=""Avatar for sivafyle from gravatar.com"" title=""Avatar for sivafyle from gravatar.com"">
          </span>
          <span class=""sidebar-section__user-gravatar-text"">
            sivafyle
          </span>
        "
"fyoo 1.1.0","pip install fyoo
          
            
            Copy PIP instructions","Released: 
  Mar 4, 2024","A simple jinja2-based argument templatizer",,"
          <span class=""sidebar-section__user-gravatar"">
            <img src=""https://pypi-camo.freetls.fastly.net/de9f3f0d258a75f6e2d079e2647c9ac5b8ad11df/68747470733a2f2f7365637572652e67726176617461722e636f6d2f6176617461722f35343965643438316635663465323838326265313639333134386433323338323f73697a653d3530"" height=""50"" width=""50"" alt=""Avatar for brian-kl from gravatar.com"" title=""Avatar for brian-kl from gravatar.com"">
          </span>
          <span class=""sidebar-section__user-gravatar-text"">
            brian-kl
          </span>
         | 
          <span class=""sidebar-section__user-gravatar"">
            <img src=""https://pypi-camo.freetls.fastly.net/de9f3f0d258a75f6e2d079e2647c9ac5b8ad11df/68747470733a2f2f7365637572652e67726176617461722e636f6d2f6176617461722f35343965643438316635663465323838326265313639333134386433323338323f73697a653d3530"" height=""50"" width=""50"" alt=""Avatar for brian-kl from gravatar.com"" title=""Avatar for brian-kl from gravatar.com"">
          </span>
          <span class=""sidebar-section__user-gravatar-text"">
            brian-kl
          </span>
        "
"g4edge-testdata 0.1.0","pip install g4edge-testdata
          
            
            Copy PIP instructions","Released: 
  Jun 15, 2023","Retrieve g4edge test data from Python",,"
          <span class=""sidebar-section__user-gravatar"">
            <img src=""https://pypi-camo.freetls.fastly.net/e44ad78df1735c060f6325655c3758955218fe57/68747470733a2f2f7365637572652e67726176617461722e636f6d2f6176617461722f63303933613666373332313539333837383233343861623365396335356430343f73697a653d3530"" height=""50"" width=""50"" alt=""Avatar for gipert from gravatar.com"" title=""Avatar for gipert from gravatar.com"">
          </span>
          <span class=""sidebar-section__user-gravatar-text"">
            gipert
          </span>
         | 
          <span class=""sidebar-section__user-gravatar"">
            <img src=""https://pypi-camo.freetls.fastly.net/e44ad78df1735c060f6325655c3758955218fe57/68747470733a2f2f7365637572652e67726176617461722e636f6d2f6176617461722f63303933613666373332313539333837383233343861623365396335356430343f73697a653d3530"" height=""50"" width=""50"" alt=""Avatar for gipert from gravatar.com"" title=""Avatar for gipert from gravatar.com"">
          </span>
          <span class=""sidebar-section__user-gravatar-text"">
            gipert
          </span>
        "
"g4f7 0.1.9.5","pip install g4f7
          
            
            Copy PIP instructions","Released: 
  Dec 19, 2023","[Fork] The official gpt4free repository | various collection of powerful language models",,"
          <span class=""sidebar-section__user-gravatar"">
            <img src=""https://pypi-camo.freetls.fastly.net/9500b6e547b32e0caaf04627163262cf9f9fb11c/68747470733a2f2f7365637572652e67726176617461722e636f6d2f6176617461722f37663964323935633033626361323561343931316230643333356561663863343f73697a653d3530"" height=""50"" width=""50"" alt=""Avatar for k8scat from gravatar.com"" title=""Avatar for k8scat from gravatar.com"">
          </span>
          <span class=""sidebar-section__user-gravatar-text"">
            k8scat
          </span>
         | 
          <span class=""sidebar-section__user-gravatar"">
            <img src=""https://pypi-camo.freetls.fastly.net/9500b6e547b32e0caaf04627163262cf9f9fb11c/68747470733a2f2f7365637572652e67726176617461722e636f6d2f6176617461722f37663964323935633033626361323561343931316230643333356561663863343f73697a653d3530"" height=""50"" width=""50"" alt=""Avatar for k8scat from gravatar.com"" title=""Avatar for k8scat from gravatar.com"">
          </span>
          <span class=""sidebar-section__user-gravatar-text"">
            k8scat
          </span>
        "
"galaxie-shell 0.2.6","pip install galaxie-shell
          
            
            Copy PIP instructions","Released: 
  Mar 20, 2024","Galaxie Shell is a autonomous shell ready for CI and low tech OS",,"
          <span class=""sidebar-section__user-gravatar"">
            <img src=""https://pypi-camo.freetls.fastly.net/a6aaf43381b1aa26874fa4b481b55b1ade5620ef/68747470733a2f2f7365637572652e67726176617461722e636f6d2f6176617461722f62363830623634656332343335636465343533633461653763663934396665653f73697a653d3530"" height=""50"" width=""50"" alt=""Avatar for Tuuuux from gravatar.com"" title=""Avatar for Tuuuux from gravatar.com"">
          </span>
          <span class=""sidebar-section__user-gravatar-text"">
            Tuuuux
          </span>
         | 
          <span class=""sidebar-section__user-gravatar"">
            <img src=""https://pypi-camo.freetls.fastly.net/a6aaf43381b1aa26874fa4b481b55b1ade5620ef/68747470733a2f2f7365637572652e67726176617461722e636f6d2f6176617461722f62363830623634656332343335636465343533633461653763663934396665653f73697a653d3530"" height=""50"" width=""50"" alt=""Avatar for Tuuuux from gravatar.com"" title=""Avatar for Tuuuux from gravatar.com"">
          </span>
          <span class=""sidebar-section__user-gravatar-text"">
            Tuuuux
          </span>
        "
"galaxie-viewer 0.5.3","pip install galaxie-viewer
          
            
            Copy PIP instructions","Released: 
  Mar 27, 2024","Galaxie Viewer is a Python toolkit it permit to display text over templates, like a micro STDOUT logging.",,"
          <span class=""sidebar-section__user-gravatar"">
            <img src=""https://pypi-camo.freetls.fastly.net/a6aaf43381b1aa26874fa4b481b55b1ade5620ef/68747470733a2f2f7365637572652e67726176617461722e636f6d2f6176617461722f62363830623634656332343335636465343533633461653763663934396665653f73697a653d3530"" height=""50"" width=""50"" alt=""Avatar for Tuuuux from gravatar.com"" title=""Avatar for Tuuuux from gravatar.com"">
          </span>
          <span class=""sidebar-section__user-gravatar-text"">
            Tuuuux
          </span>
         | 
          <span class=""sidebar-section__user-gravatar"">
            <img src=""https://pypi-camo.freetls.fastly.net/a6aaf43381b1aa26874fa4b481b55b1ade5620ef/68747470733a2f2f7365637572652e67726176617461722e636f6d2f6176617461722f62363830623634656332343335636465343533633461653763663934396665653f73697a653d3530"" height=""50"" width=""50"" alt=""Avatar for Tuuuux from gravatar.com"" title=""Avatar for Tuuuux from gravatar.com"">
          </span>
          <span class=""sidebar-section__user-gravatar-text"">
            Tuuuux
          </span>
        "
"galaxy-app 24.1.1","pip install galaxy-app
          
            
            Copy PIP instructions","Released: 
  Jul 3, 2024","Galaxy application (backend)",,"
          <span class=""sidebar-section__user-gravatar"">
            <img src=""https://pypi-camo.freetls.fastly.net/d898d1fe3264272926bd0eb25edf8124e50d1a4b/68747470733a2f2f7365637572652e67726176617461722e636f6d2f6176617461722f38366362623539356337353839383963313461653731356334343538383939383f73697a653d3530"" height=""50"" width=""50"" alt=""Avatar for jmchilton from gravatar.com"" title=""Avatar for jmchilton from gravatar.com"">
          </span>
          <span class=""sidebar-section__user-gravatar-text"">
            jmchilton
          </span>
         | 
          <span class=""sidebar-section__user-gravatar"">
            <img src=""https://pypi-camo.freetls.fastly.net/a52fa36ecba815cd31f2a467ec6e27b6c9f526c2/68747470733a2f2f7365637572652e67726176617461722e636f6d2f6176617461722f31633364303563396535343535393638633731316138383566613263346464393f73697a653d3530"" height=""50"" width=""50"" alt=""Avatar for mvdbeek from gravatar.com"" title=""Avatar for mvdbeek from gravatar.com"">
          </span>
          <span class=""sidebar-section__user-gravatar-text"">
            mvdbeek
          </span>
         | 
          <span class=""sidebar-section__user-gravatar"">
            <img src=""https://pypi-camo.freetls.fastly.net/845e1a696590428ac096c777d99849974a238cc9/68747470733a2f2f7365637572652e67726176617461722e636f6d2f6176617461722f64366433646435613331393866656136323333316134656366646462346435333f73697a653d3530"" height=""50"" width=""50"" alt=""Avatar for natefoo from gravatar.com"" title=""Avatar for natefoo from gravatar.com"">
          </span>
          <span class=""sidebar-section__user-gravatar-text"">
            natefoo
          </span>
         | 
          <span class=""sidebar-section__user-gravatar"">
            <img src=""https://pypi-camo.freetls.fastly.net/d898d1fe3264272926bd0eb25edf8124e50d1a4b/68747470733a2f2f7365637572652e67726176617461722e636f6d2f6176617461722f38366362623539356337353839383963313461653731356334343538383939383f73697a653d3530"" height=""50"" width=""50"" alt=""Avatar for jmchilton from gravatar.com"" title=""Avatar for jmchilton from gravatar.com"">
          </span>
          <span class=""sidebar-section__user-gravatar-text"">
            jmchilton
          </span>
         | 
          <span class=""sidebar-section__user-gravatar"">
            <img src=""https://pypi-camo.freetls.fastly.net/a52fa36ecba815cd31f2a467ec6e27b6c9f526c2/68747470733a2f2f7365637572652e67726176617461722e636f6d2f6176617461722f31633364303563396535343535393638633731316138383566613263346464393f73697a653d3530"" height=""50"" width=""50"" alt=""Avatar for mvdbeek from gravatar.com"" title=""Avatar for mvdbeek from gravatar.com"">
          </span>
          <span class=""sidebar-section__user-gravatar-text"">
            mvdbeek
          </span>
         | 
          <span class=""sidebar-section__user-gravatar"">
            <img src=""https://pypi-camo.freetls.fastly.net/845e1a696590428ac096c777d99849974a238cc9/68747470733a2f2f7365637572652e67726176617461722e636f6d2f6176617461722f64366433646435613331393866656136323333316134656366646462346435333f73697a653d3530"" height=""50"" width=""50"" alt=""Avatar for natefoo from gravatar.com"" title=""Avatar for natefoo from gravatar.com"">
          </span>
          <span class=""sidebar-section__user-gravatar-text"">
            natefoo
          </span>
        "
"galen-view 0.0.2","pip install galen-view
          
            
            Copy PIP instructions","Released: 
  Jul 14, 2020","A utility for viewing and exploring the cord-19 dataset",,"
          <span class=""sidebar-section__user-gravatar"">
            <img src=""https://pypi-camo.freetls.fastly.net/88c27524cd1fd4100226e9d7148d389bee000014/68747470733a2f2f7365637572652e67726176617461722e636f6d2f6176617461722f37373930383338643737376662376165343065353839636461646630306537333f73697a653d3530"" height=""50"" width=""50"" alt=""Avatar for tlbauer2 from gravatar.com"" title=""Avatar for tlbauer2 from gravatar.com"">
          </span>
          <span class=""sidebar-section__user-gravatar-text"">
            tlbauer2
          </span>
         | 
          <span class=""sidebar-section__user-gravatar"">
            <img src=""https://pypi-camo.freetls.fastly.net/88c27524cd1fd4100226e9d7148d389bee000014/68747470733a2f2f7365637572652e67726176617461722e636f6d2f6176617461722f37373930383338643737376662376165343065353839636461646630306537333f73697a653d3530"" height=""50"" width=""50"" alt=""Avatar for tlbauer2 from gravatar.com"" title=""Avatar for tlbauer2 from gravatar.com"">
          </span>
          <span class=""sidebar-section__user-gravatar-text"">
            tlbauer2
          </span>
        "
"galerts 0.1.5","pip install galerts
          
            
            Copy PIP instructions","Released: 
  Dec 10, 2009","Python libary for managing Google Alerts",,"
          <span class=""sidebar-section__user-gravatar"">
            <img src=""https://pypi-camo.freetls.fastly.net/a439955fd7e31b2b5c4365f3e3b76c7d68623047/68747470733a2f2f7365637572652e67726176617461722e636f6d2f6176617461722f39386231376637356331396661623937393933646166666564393534343837663f73697a653d3530"" height=""50"" width=""50"" alt=""Avatar for jab from gravatar.com"" title=""Avatar for jab from gravatar.com"">
          </span>
          <span class=""sidebar-section__user-gravatar-text"">
            jab
          </span>
         | 
          <span class=""sidebar-section__user-gravatar"">
            <img src=""https://pypi-camo.freetls.fastly.net/ae6ab798eef728f43593bfa1f4f71de9c8a640f5/68747470733a2f2f7365637572652e67726176617461722e636f6d2f6176617461722f65316237623363356238383932643330316236393731643064633931653866393f73697a653d3530"" height=""50"" width=""50"" alt=""Avatar for petersanchez from gravatar.com"" title=""Avatar for petersanchez from gravatar.com"">
          </span>
          <span class=""sidebar-section__user-gravatar-text"">
            petersanchez
          </span>
         | 
          <span class=""sidebar-section__user-gravatar"">
            <img src=""https://pypi-camo.freetls.fastly.net/a439955fd7e31b2b5c4365f3e3b76c7d68623047/68747470733a2f2f7365637572652e67726176617461722e636f6d2f6176617461722f39386231376637356331396661623937393933646166666564393534343837663f73697a653d3530"" height=""50"" width=""50"" alt=""Avatar for jab from gravatar.com"" title=""Avatar for jab from gravatar.com"">
          </span>
          <span class=""sidebar-section__user-gravatar-text"">
            jab
          </span>
         | 
          <span class=""sidebar-section__user-gravatar"">
            <img src=""https://pypi-camo.freetls.fastly.net/ae6ab798eef728f43593bfa1f4f71de9c8a640f5/68747470733a2f2f7365637572652e67726176617461722e636f6d2f6176617461722f65316237623363356238383932643330316236393731643064633931653866393f73697a653d3530"" height=""50"" width=""50"" alt=""Avatar for petersanchez from gravatar.com"" title=""Avatar for petersanchez from gravatar.com"">
          </span>
          <span class=""sidebar-section__user-gravatar-text"">
            petersanchez
          </span>
        "
"galgebra 0.5.2","pip install galgebra
          
            
            Copy PIP instructions","Released: 
  May 1, 2024","Symbolic Geometric Algebra/Calculus package for SymPy.",,"
          <span class=""sidebar-section__user-gravatar"">
            <img src=""https://pypi-camo.freetls.fastly.net/b0287a03d0d2be5abba2d837ab693a26ca841347/68747470733a2f2f7365637572652e67726176617461722e636f6d2f6176617461722f65646634306130663737326131303034346334363638626161643362643464623f73697a653d3530"" height=""50"" width=""50"" alt=""Avatar for arsenovic from gravatar.com"" title=""Avatar for arsenovic from gravatar.com"">
          </span>
          <span class=""sidebar-section__user-gravatar-text"">
            arsenovic
          </span>
         | 
          <span class=""sidebar-section__user-gravatar"">
            <img src=""https://pypi-camo.freetls.fastly.net/5498813f6ae2e4e17910a43253e44c643d42f081/68747470733a2f2f7365637572652e67726176617461722e636f6d2f6176617461722f38626365626338376432376134306464373130353632393739363136616239633f73697a653d3530"" height=""50"" width=""50"" alt=""Avatar for hugohadfield from gravatar.com"" title=""Avatar for hugohadfield from gravatar.com"">
          </span>
          <span class=""sidebar-section__user-gravatar-text"">
            hugohadfield
          </span>
         | 
          <span class=""sidebar-section__user-gravatar"">
            <img src=""https://pypi-camo.freetls.fastly.net/429f2a0e4eea41de5700f0492a58a689575205ca/68747470733a2f2f7365637572652e67726176617461722e636f6d2f6176617461722f61333066633431313438353662633362613732396331656439356535346439623f73697a653d3530"" height=""50"" width=""50"" alt=""Avatar for utensil from gravatar.com"" title=""Avatar for utensil from gravatar.com"">
          </span>
          <span class=""sidebar-section__user-gravatar-text"">
            utensil
          </span>
         | 
          <span class=""sidebar-section__user-gravatar"">
            <img src=""https://pypi-camo.freetls.fastly.net/b0287a03d0d2be5abba2d837ab693a26ca841347/68747470733a2f2f7365637572652e67726176617461722e636f6d2f6176617461722f65646634306130663737326131303034346334363638626161643362643464623f73697a653d3530"" height=""50"" width=""50"" alt=""Avatar for arsenovic from gravatar.com"" title=""Avatar for arsenovic from gravatar.com"">
          </span>
          <span class=""sidebar-section__user-gravatar-text"">
            arsenovic
          </span>
         | 
          <span class=""sidebar-section__user-gravatar"">
            <img src=""https://pypi-camo.freetls.fastly.net/5498813f6ae2e4e17910a43253e44c643d42f081/68747470733a2f2f7365637572652e67726176617461722e636f6d2f6176617461722f38626365626338376432376134306464373130353632393739363136616239633f73697a653d3530"" height=""50"" width=""50"" alt=""Avatar for hugohadfield from gravatar.com"" title=""Avatar for hugohadfield from gravatar.com"">
          </span>
          <span class=""sidebar-section__user-gravatar-text"">
            hugohadfield
          </span>
         | 
          <span class=""sidebar-section__user-gravatar"">
            <img src=""https://pypi-camo.freetls.fastly.net/429f2a0e4eea41de5700f0492a58a689575205ca/68747470733a2f2f7365637572652e67726176617461722e636f6d2f6176617461722f61333066633431313438353662633362613732396331656439356535346439623f73697a653d3530"" height=""50"" width=""50"" alt=""Avatar for utensil from gravatar.com"" title=""Avatar for utensil from gravatar.com"">
          </span>
          <span class=""sidebar-section__user-gravatar-text"">
            utensil
          </span>
        "
"gallery-dl 1.27.3","pip install gallery-dl
          
            
            Copy PIP instructions","Released: 
  Aug 10, 2024","Command-line program to download image galleries and collections from several image hosting sites",,"
          <span class=""sidebar-section__user-gravatar"">
            <img src=""https://pypi-camo.freetls.fastly.net/5dd48b8a42ccff3eabb3e10aabf3c4cf11524724/68747470733a2f2f7365637572652e67726176617461722e636f6d2f6176617461722f63613866353565386564633237376262316566326562343534343461623737373f73697a653d3530"" height=""50"" width=""50"" alt=""Avatar for mikf from gravatar.com"" title=""Avatar for mikf from gravatar.com"">
          </span>
          <span class=""sidebar-section__user-gravatar-text"">
            mikf
          </span>
         | 
          <span class=""sidebar-section__user-gravatar"">
            <img src=""https://pypi-camo.freetls.fastly.net/5dd48b8a42ccff3eabb3e10aabf3c4cf11524724/68747470733a2f2f7365637572652e67726176617461722e636f6d2f6176617461722f63613866353565386564633237376262316566326562343534343461623737373f73697a653d3530"" height=""50"" width=""50"" alt=""Avatar for mikf from gravatar.com"" title=""Avatar for mikf from gravatar.com"">
          </span>
          <span class=""sidebar-section__user-gravatar-text"">
            mikf
          </span>
        "
